ID,30mer_sequences,On_Scores
test_seq_1,ACAAATGTAACTAGTTAGTGAGACGGGTTA,28.877351760864258
test_seq_2,ACAATTAGTGAGACCCTAGGTGTAGGGTTA,55.35628128051758
test_seq_3,ACAACCTAGTTAGTAGCTACCTAGGGGTTA,46.279396057128906
test_seq_4,ACAAGTCCTTCTAGCCTAGTTAGTGGGTTA,24.130834579467773
test_seq_5,ACAACCTAGGTGTATCTAAAGTCTGGGTTA,53.853675842285156
test_seq_6,ACAACTAGTTTAGAGACTCACGAGGGGTTA,60.84144592285156
test_seq_7,ACAAACCTAAGTATTTAGTGAGACGGGTTA,21.33064842224121
test_seq_8,ACAAAGCTACCTAGGACTCACGAGGGGTTA,65.29496765136719
test_seq_9,ACAAGACCCCCCTCCTAGTTTAGAGGGTTA,24.73768424987793
test_seq_10,ACAACCTAGGACCCCTAGTTTAGAGGGTTA,16.19952392578125
test_seq_11,ACAAGACCCCCCTCGACCCCCCTCGGGTTA,27.935749053955078
test_seq_12,ACAAGTCTATAGTAGTCTATAGTAGGGTTA,39.898597717285156
test_seq_13,ACAACCTCCCTACTTCTAAAGTCTGGGTTA,46.381046295166016
test_seq_14,ACAACCTCCCTACTACCTAAGTATGGGTTA,44.40528106689453
test_seq_15,ACAAGACCCCCCTCAGCTACCTAGGGGTTA,67.92420959472656
test_seq_16,ACAATAGACCTAGACCTAGTTAGTGGGTTA,43.503536224365234
test_seq_17,ACAATCTAAAGTCTCAAGAAGTATGGGTTA,24.642364501953125
test_seq_18,ACAATCTAAAGTCTCCTAGGACCCGGGTTA,58.64823913574219
test_seq_19,ACAATCTAAAGTCTGTCCTTCTAGGGGTTA,45.078155517578125
test_seq_20,ACAACAAGAAGTATGACCCCCCTCGGGTTA,45.28539276123047
test_seq_21,ACAACCTAGGTGTACCTAGTTAGTGGGTTA,22.499448776245117
test_seq_22,ACAACTCCTCTACTTCTAAAGTCTGGGTTA,43.876644134521484
test_seq_23,ACAAAGCTACCTAGCCTCCCTACTGGGTTA,34.13859939575195
test_seq_24,ACAACTAGCCTAGTCTAGTTACGAGGGTTA,58.09528350830078
test_seq_25,ACAATAGACCTAGATAGTTTCCAAGGGTTA,59.994590759277344
test_seq_26,ACAAGACCCCCCTCAGCTACCTAGGGGTTA,67.92420959472656
test_seq_27,ACAATAGTTTCCAAGACCCCCCTCGGGTTA,47.43926239013672
test_seq_28,ACAAAGCTACCTAGTTAGTGAGACGGGTTA,25.374309539794922
test_seq_29,ACAAGACTCACGAGGTCTATAGTAGGGTTA,52.36347198486328
test_seq_30,ACAACTAGAAGCTATCTAAAGTCTGGGTTA,45.24278259277344
test_seq_31,ACAAATGTAACTAGCTCCTCTACTGGGTTA,39.06108856201172
test_seq_32,ACAACCTAGGACCCCCTAGGACCCGGGTTA,44.886512756347656
test_seq_33,ACAACTAGTTACGAATAGTACTAGGGGTTA,47.005558013916016
test_seq_34,ACAATAGTTTCCAATTAGTGAGACGGGTTA,25.521549224853516
test_seq_35,ACAACTAGTTACGAGACCCCCCTCGGGTTA,40.077239990234375
test_seq_36,ACAAGACTCACGAGTAGACCTAGAGGGTTA,50.387351989746094
test_seq_37,ACAATAGACTAGAATAGACTAGAAGGGTTA,52.7474250793457
test_seq_38,ACAATCTAAAGTCTTAGACCTAGAGGGTTA,27.954227447509766
test_seq_39,ACAACTAGAGTCTCCTAGTTACGAGGGTTA,60.27983856201172
test_seq_40,ACAATAGACTAGAACTAGAAGCTAGGGTTA,72.8460464477539
test_seq_41,ACAAGTCTATAGTACTAGAAGCTAGGGTTA,61.7239990234375
test_seq_42,ACAACTAGTTTAGAATGTAACTAGGGGTTA,47.12293243408203
test_seq_43,ACAAATAGTACTAGCCTCCCTACTGGGTTA,36.14421081542969
test_seq_44,ACAATTAGTGAGACTAGACCTAGAGGGTTA,47.271297454833984
test_seq_45,ACAATCTAAAGTCTGACCCCCCTCGGGTTA,45.20566177368164
test_seq_46,ACAAACTAGCTAGCACTAGCTAGCGGGTTA,24.24518585205078
test_seq_47,ACAATTAGTGAGACAGCTACCTAGGGGTTA,66.72955322265625
test_seq_48,ACAAGACCCCCCTCCCTAGGACCCGGGTTA,57.35911560058594
test_seq_49,ACAAACTAGCTAGCCCTAGGTGTAGGGTTA,53.3815803527832
test_seq_50,ACAACCTAGGACCCATGTAACTAGGGGTTA,59.61279296875
